{
    "loss": 2.570633888244629,
    "accuracy": 0.6402877569198608
}