{
    "loss": 3.770540714263916,
    "accuracy": 0.6187050342559814
}